id,catfam,priam,deepec,deepectransformer-regular,deepectransformer-learnt,ecpred,ecrecer,blastp,clean-triplet,clean-supcon,enzbert-regular,enzbert-learnt,proteinbert-regular,proteinbert-learnt,stacked,ec_number,majority-voting-regular,majority-voting-learnt
WP_063460136,-,-,-,5.3.1.31,5.3.1.31,5.-.-.-,3.2.1.4,-,5.1.3.11,5.1.3.11,1.-.-.-,5.1.3.11,5.3.1.31,"4.2.3.163,5.1.3.11,4.2.3.171,5.3.1.31,3.2.1.156",5.1.3.11,5.3.1.7,5.3.1.31,5.1.3.11
WP_063462980,-,-,4.2.1.43,2.2.1.2,2.2.1.2,4.3.-.-,4.3.3.7,4.2.1.43,4.2.1.43,4.2.1.43,4.2.1.43,4.2.1.43,4.2.1.43,"4.2.1.43,4.1.2.51",4.1.2.28,4.2.1.43,4.2.1.43,4.2.1.43
WP_063462990,-,-,1.1.1.311,1.3.1.87,1.3.1.87,1.1.1.-,1.-.-.-,1.1.1.175,1.1.1.390,1.1.1.390,1.1.1.-,1.1.1.-,1.1.1.-,"1.1.1.-,1.1.1.390",1.1.1.-,1.1.1.48,1.1.1.-,1.1.1.-
WP_041412631,-,-,4.2.1.9,4.2.1.9,"4.2.1.25,4.2.1.12",1.-.-.-,4.2.1.9,4.2.1.-,4.2.1.9,"4.2.1.9,4.2.1.162,4.2.1.12",4.2.1.-,4.2.1.-,4.2.1.9,4.2.1.9,4.2.1.-,4.2.1.25,4.2.1.9,4.2.1.9
WP_011717048,-,5.1.3.3,-,5.1.3.3,5.1.3.3,5.-.-.-,5.1.3.3,5.1.3.3,5.1.3.3,5.1.3.3,5.1.3.3,5.1.3.3,5.1.3.3,5.1.3.3,5.1.3.3,5.1.3.3,5.1.3.3,5.1.3.3
WP_011717064,-,-,-,3.1.1.99,"3.1.1.99,3.1.1.15",3.1.1.-,3.1.1.31,3.1.1.99,3.1.1.99,3.1.1.99,3.1.1.17,"3.1.1.15,3.1.1.17",4.2.2.6,"3.1.1.99,4.2.2.6,3.1.1.15",3.1.1.15,3.1.1.15,3.1.1.99,3.1.1.99
WP_011717945,-,-,-,2.7.1.8,"2.7.1.59,2.7.1.8",2.7.1.-,2.7.1.2,2.7.1.8,2.7.1.8,2.7.1.8,2.7.1.59,2.7.1.59,2.7.1.59,2.7.1.59,2.7.1.8,2.7.1.59,2.7.1.8,"2.7.1.8,2.7.1.59"
WP_014239822,-,-,-,1.3.8.1,1.3.8.1,1.3.99.-,1.3.99.-,1.3.8.-,1.3.8.9,1.3.8.-,1.3.8.-,1.3.8.-,1.3.99.-,1.3.99.-,1.3.8.-,1.3.8.7,"1.3.99.-,1.3.8.-","1.3.99.-,1.3.8.-"
WP_012431492,-,-,-,5.3.1.31,5.3.1.31,5.5.-.-,3.2.1.4,-,5.3.1.31,5.3.1.31,1.-.-.-,5.1.3.11,5.3.1.31,"5.3.1.31,3.2.1.156",5.3.1.31,5.3.1.7,5.3.1.31,5.3.1.31
WP_012431722,-,-,-,1.3.8.7,"4.2.1.2,1.3.8.7",1.-.-.-,1.3.8.13,1.3.8.-,"1.3.8.8,1.3.8.9,1.3.8.-",1.3.8.-,1.3.99.-,1.3.8.1,1.3.8.10,1.3.8.10,1.3.8.-,1.3.8.7,1.3.8.-,1.3.8.-
WP_012434194,-,-,-,1.1.1.14,"1.1.1.9,1.1.1.301",1.1.1.103,1.1.1.103,1.1.1.-,1.1.1.303,1.1.1.103,1.1.1.-,1.1.1.-,1.1.1.103,1.1.1.103,1.1.1.-,1.1.1.9,1.1.1.103,1.1.1.103
WP_012434361,-,-,1.1.1.311,1.1.1.100,1.1.1.53,1.1.1.-,1.-.-.-,1.1.1.390,1.1.1.390,"1.1.1.175,1.1.1.390",1.1.1.-,"1.1.1.-,1.1.1.390",1.1.1.-,"1.1.1.-,1.1.1.390",1.1.1.-,1.1.1.48,1.1.1.-,1.1.1.390
WP_012434437,-,-,-,1.2.1.71,"1.2.1.88,1.2.1.32,1.2.1.71",1.2.1.-,1.2.1.71,-,1.2.1.77,1.2.1.77,1.2.1.3,1.2.1.3,1.2.1.81,1.2.1.81,1.2.1.3,1.2.1.3,1.2.1.71,1.2.1.71
WP_012434865,-,-,-,4.2.1.9,4.2.1.25,4.2.1.-,4.2.1.9,4.2.1.-,4.2.1.162,4.2.1.162,4.2.1.-,4.2.1.-,4.2.1.9,4.2.1.9,4.2.1.-,4.2.1.25,"4.2.1.9,4.2.1.-",4.2.1.-
WP_012426462,-,-,-,4.2.1.43,4.2.1.43,4.2.1.-,4.3.3.7,4.2.1.43,4.2.1.43,4.2.1.43,4.2.1.43,4.2.1.43,4.2.1.43,4.2.1.43,4.2.1.43,4.2.1.43,4.2.1.43,4.2.1.43
WP_012426549,-,-,2.6.1.62,2.6.1.113,"2.6.1.18,2.6.1.113",2.6.1.-,5.4.3.8,2.6.1.113,2.6.1.113,2.6.1.113,2.6.1.113,2.6.1.113,2.6.1.96,"2.6.1.18,2.6.1.96,2.6.1.113",2.6.1.18,2.6.1.19,2.6.1.113,2.6.1.113
WP_012426550,-,-,-,6.3.1.11,6.3.1.11,6.-.-.-,6.3.1.2,6.3.1.11,6.3.4.12,6.3.1.2,6.3.1.11,"1.4.1.4,6.3.1.11",6.3.1.2,"6.3.1.2,6.3.1.11",6.3.1.2,6.3.1.11,"6.3.1.11,6.3.1.2",6.3.1.11
WP_012428705,-,-,1.1.1.107,1.1.1.107,1.1.1.107,1.-.-.-,1.1.1.-,1.1.1.107,1.1.1.107,1.1.1.107,1.1.1.107,1.1.1.107,1.1.1.107,"1.1.1.316,1.1.1.-,1.1.1.107",1.1.1.107,"1.1.1.122,1.1.1.173",1.1.1.107,1.1.1.107
WP_012428706,-,-,-,4.2.1.7,4.2.1.7,4.2.1.-,4.2.1.9,4.2.1.42,4.4.1.24,4.4.1.24,2.1.1.-,2.1.1.-,4.2.1.7,"4.2.1.7,2.3.1.177",4.4.1.24,"4.2.1.68,4.2.1.90",4.2.1.7,4.2.1.7
WP_085966746,-,-,-,4.2.1.7,"4.2.1.7,3.5.4.43",4.-.-.-,3.6.1.23,4.2.1.7,4.4.1.24,4.4.1.24,4.4.1.24,4.4.1.24,1.13.11.3,1.13.11.3,4.4.1.24,"4.2.1.68,4.2.1.90","4.2.1.7,4.4.1.24","4.2.1.7,4.4.1.24"
WP_043352074,-,-,-,6.2.1.25,6.2.1.25,6.2.1.-,6.2.1.1,6.2.1.25,6.2.1.25,6.2.1.25,6.2.1.-,"6.2.1.2,6.2.1.3",6.2.1.-,6.2.1.-,6.2.1.2,6.2.1.32,"6.2.1.25,6.2.1.-",6.2.1.25
WP_043349422,-,-,-,1.1.3.15,1.1.99.14,1.5.-.-,1.3.1.98,1.1.2.4,1.1.2.4,1.1.2.4,1.-.-.-,1.-.-.-,1.1.99.6,1.1.99.6,1.1.99.39,1.1.3.15,1.1.2.4,1.1.2.4
WP_043349427,-,-,-,1.1.99.14,1.1.99.14,1.-.-.-,1.3.1.98,1.1.2.4,1.1.99.6,1.1.99.6,1.-.-.-,"1.1.1.401,4.2.1.-",1.1.2.4,1.1.3.41,1.1.98.3,1.1.3.15,"1.-.-.-,1.1.2.4",1.1.99.6
WP_043349430,-,-,-,1.1.99.14,1.1.99.14,1.-.-.-,1.8.98.1,-,1.3.99.31,1.8.98.1,1.-.-.-,1.-.-.-,1.3.4.1,1.3.4.1,7.-.-.-,1.1.3.15,"1.-.-.-,1.8.98.1","1.-.-.-,1.8.98.1"
WP_043354857,-,-,-,1.1.1.103,1.1.1.103,1.1.-.-,5.1.3.20,1.1.1.103,1.1.1.203,1.1.1.203,1.-.-.-,1.-.-.-,1.1.1.410,"1.1.1.203,5.1.3.18,1.1.1.410",1.1.1.-,1.1.1.103,1.1.1.103,"1.1.1.103,1.1.1.203"
WP_012179094,-,-,-,2.7.1.51,2.7.1.51,3.-.-.-,2.7.1.16,-,2.7.1.47,2.7.1.47,2.7.1.-,"2.7.1.17,2.7.1.-",2.7.1.2,2.7.1.2,2.7.1.51,2.7.1.5,2.7.1.47,3.-.-.-
WP_012179101,-,-,-,1.1.1.107,"4.1.2.19,1.1.1.107,4.2.1.126",1.-.-.-,4.2.1.109,1.-.-.-,"1.3.1.28,1.3.1.25","5.1.3.4,4.2.1.109,4.1.2.19",1.-.-.-,1.-.-.-,1.3.1.34,1.3.1.34,1.-.-.-,4.1.2.19,1.-.-.-,1.-.-.-
WP_066580460,-,-,-,3.2.1.1,3.2.1.1,3.-.-.-,3.2.1.1,3.2.1.1,3.2.1.1,3.2.1.1,3.2.1.1,3.2.1.1,3.2.1.1,3.2.1.1,3.2.1.1,3.2.1.20,3.2.1.1,3.2.1.1
WP_066581977,-,-,-,3.2.1.80,"3.2.1.65,3.2.1.80",3.2.1.26,3.2.1.26,3.2.1.80,3.2.1.80,3.2.1.80,3.2.1.80,3.2.1.80,3.2.1.26,3.2.1.26,3.2.1.80,3.2.1.26,3.2.1.80,3.2.1.80
WP_066578892,-,-,1.1.1.175,1.1.1.100,1.1.1.53,1.1.1.-,1.-.-.-,1.1.1.175,1.1.1.390,1.1.1.175,1.1.1.-,"1.1.1.-,1.1.1.390",1.1.1.175,"1.1.1.-,1.1.1.175",1.1.1.-,1.1.1.175,1.1.1.175,1.1.1.175
WP_066578896,-,-,-,1.2.1.26,1.2.1.26,1.-.-.-,1.2.1.71,1.2.1.26,1.2.1.4,"1.2.1.26,1.2.1.4",1.2.1.26,1.2.1.26,1.2.1.4,1.2.1.4,"1.2.1.26,1.2.1.4",1.2.1.26,1.2.1.26,1.2.1.26
WP_041645374,-,-,-,1.3.8.1,1.3.8.13,1.-.-.-,1.3.8.13,1.3.8.-,1.3.8.9,"1.3.8.-,1.3.8.8",1.3.8.-,1.3.8.-,1.3.8.10,1.3.8.10,1.3.8.-,1.3.8.7,1.3.8.-,1.3.8.-
WP_014576347,-,-,-,2.6.1.1,2.6.1.57,2.-.-.-,2.6.1.1,2.6.1.1,2.6.1.107,2.6.1.57,2.6.1.57,2.6.1.57,2.6.1.5,"2.6.1.1,2.6.1.5",2.6.1.1,2.6.1.57,2.6.1.1,"2.6.1.57,2.6.1.1"
NP_719054,-,-,-,2.7.1.8,2.7.1.8,2.7.1.-,2.7.1.2,2.7.1.8,2.7.1.8,2.7.1.8,2.7.1.59,2.7.1.59,2.7.1.59,2.7.1.59,2.7.1.8,2.7.1.59,2.7.1.8,2.7.1.8
WP_014879948,-,-,-,1.1.1.60,"1.1.1.31,1.1.1.291,1.1.1.60",1.-.-.-,1.1.1.94,1.1.-.-,1.1.1.31,1.1.1.31,1.1.-.-,1.1.-.-,"1.1.1.31,1.1.-.-","1.1.1.31,1.1.-.-",1.1.-.-,1.1.1.60,1.1.-.-,"1.1.1.31,1.1.-.-"
WP_014880051,-,-,-,3.5.3.18,3.5.3.18,6.-.-.-,3.5.3.6,-,3.5.3.18,"3.5.3.-,3.5.3.18",2.1.1.-,2.1.1.-,3.5.3.6,3.5.3.6,3.5.3.18,3.5.3.6,"3.5.3.18,3.5.3.6","3.5.3.18,3.5.3.6"
WP_014880077,-,-,-,5.3.1.31,5.1.3.11,5.-.-.-,3.2.1.4,-,5.1.3.11,"5.1.3.11,5.3.1.31",5.3.1.31,5.3.1.31,5.3.1.31,5.3.1.31,5.3.1.31,5.3.1.7,5.3.1.31,5.3.1.31
WP_014880980,-,-,-,2.7.1.8,2.7.1.8,2.-.-.-,2.7.1.2,-,"2.7.1.8,2.7.1.59",2.7.1.8,2.7.1.59,2.7.1.59,2.7.1.8,2.7.1.8,2.7.1.8,2.7.1.59,2.7.1.8,2.7.1.8
WP_014881125,-,-,-,1.1.99.14,1.1.99.14,1.3.5.1,1.8.98.1,-,"1.3.4.1,1.3.99.31",1.8.98.1,1.-.-.-,1.-.-.-,1.3.4.1,1.3.4.1,7.-.-.-,1.1.3.15,1.8.98.1,1.8.98.1
WP_014881126,-,-,-,1.1.99.14,"1.1.99.14,1.7.1.15",1.1.-.-,1.3.1.98,1.1.2.4,1.1.99.6,1.1.99.6,2.3.1.-,2.3.1.-,1.3.1.98,"1.3.1.98,1.-.-.-",1.3.1.98,1.1.3.15,1.3.1.98,1.3.1.98
WP_014881127,-,-,-,1.1.3.15,1.1.99.14,1.1.-.-,1.3.1.98,1.1.2.4,1.1.2.4,1.1.2.4,1.-.-.-,1.-.-.-,1.1.99.6,1.1.99.6,1.1.99.39,1.1.3.15,1.1.2.4,1.1.2.4
WP_014879336,-,-,-,4.1.2.29,"2.3.1.245,4.1.2.29",4.1.-.-,4.1.2.40,4.1.2.13,4.1.2.29,4.1.2.29,4.1.2.40,"4.1.2.40,4.1.2.29",4.1.2.13,4.1.2.13,4.1.2.13,4.1.2.29,"4.1.2.29,4.1.2.40,4.1.2.13",4.1.2.29
WP_014879339,-,-,-,1.1.99.28,1.1.99.28,1.1.1.-,1.1.1.18,1.1.1.18,1.1.1.18,"1.1.1.18,1.1.1.369",1.-.-.-,1.-.-.-,1.-.-.-,1.-.-.-,1.1.1.425,1.1.1.18,1.1.1.18,1.1.1.18
WP_014235627,-,-,-,5.1.99.1,5.1.99.1,-,1.13.11.27,-,5.1.99.1,5.1.99.1,1.-.-.-,1.-.-.-,5.1.99.1,5.1.99.1,5.1.99.1,5.1.99.1,5.1.99.1,5.1.99.1
WP_063341556,-,-,-,1.2.1.5,"1.2.1.26,1.2.1.5",1.2.1.3,1.2.1.8,1.2.1.5,1.2.1.16,1.2.1.4,1.2.1.3,"1.2.1.16,1.2.1.26",1.2.1.5,"1.2.1.5,1.2.1.85",1.2.1.26,1.2.1.26,1.2.1.5,1.2.1.5
WP_007897683,-,-,-,6.3.1.2,6.3.1.11,6.3.1.-,6.3.1.2,6.3.1.11,6.3.1.11,6.3.1.11,6.3.1.2,6.3.1.11,"6.3.1.2,6.3.1.11","6.3.1.2,6.3.1.11",6.3.1.2,6.3.1.11,6.3.1.2,6.3.1.11
WP_063341172,-,-,-,1.1.1.47,1.1.1.47,1.1.1.-,1.-.-.-,1.-.-.-,1.1.1.311,"1.1.1.119,1.1.1.163",1.-.-.-,1.-.-.-,1.1.1.-,"1.2.1.62,1.1.1.-",1.-.-.-,1.1.1.48,1.-.-.-,1.-.-.-
WP_063343423,-,-,1.1.1.203,1.1.1.203,1.1.1.203,1.1.1.-,5.1.3.20,1.1.1.203,1.1.1.203,1.1.1.203,1.1.1.203,1.1.1.203,1.1.1.203,"1.1.1.203,5.1.3.20",1.1.1.203,1.1.1.203,1.1.1.203,1.1.1.203
WP_063343491,-,-,-,1.13.11.24,1.13.11.24,3.-.-.-,4.2.1.80,-,4.2.1.141,4.2.1.141,1.-.-.-,1.-.-.-,5.1.1.8,5.1.1.8,1.16.99.1,4.2.1.43,5.1.1.8,4.2.1.141
WP_063340417,-,-,-,3.2.2.1,"3.2.2.1,3.2.2.8",3.-.-.-,3.2.-.-,3.2.-.-,3.2.-.-,3.2.2.3,3.2.2.3,"3.2.2.3,3.2.2.8",3.5.1.38,3.5.1.38,"3.2.2.3,3.2.2.8",3.2.2.3,"3.2.-.-,3.2.2.3","3.2.2.8,3.2.-.-,3.2.2.3"
WP_057713727,-,-,-,1.1.1.47,1.1.1.47,1.1.1.-,1.-.-.-,1.-.-.-,"1.1.1.311,1.1.1.256","1.1.1.163,1.1.1.119",1.-.-.-,1.-.-.-,1.1.1.-,"1.2.1.62,1.1.1.-,1.1.1.391",1.-.-.-,1.1.1.48,1.-.-.-,1.-.-.-
WP_057714593,-,-,-,4.1.2.42,"4.1.3.41,4.1.2.42,4.3.1.18",4.-.-.-,5.1.1.1,-,4.3.1.27,"4.1.2.42,4.3.1.27",1.-.-.-,1.-.-.-,5.3.1.4,5.3.1.4,4.3.1.18,4.3.1.9,4.1.2.42,4.1.2.42
WP_057714718,-,-,-,1.3.8.1,"1.3.99.2,1.3.8.1",1.3.8.-,1.3.8.13,1.3.99.-,1.3.8.1,1.3.8.1,1.3.99.-,1.3.99.-,1.3.99.-,"1.3.99.-,1.3.8.1",1.3.99.-,1.3.8.1,1.3.99.-,"1.3.8.1,1.3.99.-"
WP_057715016,-,-,-,2.7.1.134,2.7.1.134,3.4.-.-,5.4.4.2,-,4.2.1.141,4.2.1.141,3.4.-.-,3.4.-.-,1.6.5.8,1.6.5.8,2.7.2.1,4.2.1.43,3.4.-.-,3.4.-.-
WP_057715924,-,2.6.1.1,-,2.6.1.1,2.6.1.57,2.6.1.1,2.6.1.1,2.6.1.57,"2.6.1.57,2.6.1.107",2.6.1.57,2.6.1.57,2.6.1.57,2.6.1.1,"2.6.1.3,2.6.1.1",2.6.1.1,2.6.1.57,2.6.1.1,"2.6.1.1,2.6.1.57"
WP_053163627,-,-,-,6.3.1.11,6.3.1.11,6.3.1.-,6.3.1.2,6.3.1.11,6.3.1.11,6.3.1.11,6.3.1.11,6.3.1.11,"6.3.1.2,6.3.1.11","6.3.1.2,6.3.1.11",6.3.1.2,6.3.1.11,6.3.1.11,6.3.1.11
WP_054594340,-,-,-,1.3.8.1,1.3.8.1,1.3.99.-,1.3.8.13,1.3.8.-,1.3.8.9,1.3.8.-,1.3.99.-,1.3.8.1,1.3.8.10,1.3.8.10,1.3.8.-,1.3.8.7,"1.3.99.-,1.3.8.-","1.3.8.1,1.3.8.-"
WP_054594536,-,-,2.6.1.18,2.6.1.113,"2.6.1.77,2.6.1.18,2.6.1.113",2.6.1.-,5.4.3.8,2.6.1.113,2.6.1.113,2.6.1.113,2.6.1.113,2.6.1.113,"2.6.1.96,2.6.1.113","2.6.1.18,2.6.1.96,2.6.1.113",2.6.1.96,2.6.1.19,2.6.1.113,2.6.1.113
WP_054594538,-,-,-,6.3.1.11,6.3.1.11,6.3.1.-,6.3.1.2,6.3.1.11,6.3.1.11,6.3.1.11,6.3.1.11,6.3.1.11,"6.3.1.2,6.3.1.11","6.3.1.2,6.3.1.11",6.3.1.2,6.3.1.11,6.3.1.11,6.3.1.11
WP_054595050,-,-,1.2.1.16,1.2.1.16,"1.2.1.20,1.2.1.16",1.2.1.3,1.2.1.8,1.2.1.20,1.2.1.20,1.2.1.20,1.2.1.20,"1.2.1.20,1.2.1.79",1.2.1.20,"1.2.1.97,1.2.1.20,1.2.1.79",1.2.1.16,1.2.1.16,1.2.1.20,1.2.1.20
WP_054596267,-,2.6.1.57,-,2.6.1.1,2.6.1.57,2.6.1.-,2.6.1.1,2.6.1.57,"2.6.1.107,2.6.1.57",2.6.1.57,2.6.1.57,2.6.1.57,2.6.1.1,"2.6.1.1,2.6.1.57",2.6.1.57,2.6.1.57,2.6.1.57,2.6.1.57
WP_054596656,-,-,-,3.2.2.1,"3.2.2.1,3.2.2.8",3.2.-.-,3.2.-.-,3.2.-.-,3.2.-.-,"3.2.2.3,3.2.-.-,3.2.2.8",3.2.2.3,3.2.2.3,5.5.1.4,5.5.1.4,3.2.-.-,3.2.2.3,3.2.-.-,3.2.-.-
WP_054596807,-,-,-,4.1.2.42,"4.1.3.41,4.1.2.42,4.3.1.18",4.-.-.-,5.1.1.1,-,4.3.1.27,"4.3.1.27,4.1.2.42",1.-.-.-,1.-.-.-,5.3.1.4,5.3.1.4,4.3.1.18,4.3.1.9,4.1.2.42,4.1.2.42
WP_054597481,-,-,-,1.14.13.149,2.3.1.109,2.-.-.-,3.5.3.6,-,3.5.3.18,3.5.3.-,3.-.-.-,3.-.-.-,6.2.1.39,6.2.1.39,3.5.3.-,3.5.3.6,3.5.3.6,3.-.-.-
WP_054597487,-,-,-,4.1.3.36,"4.2.1.150,4.2.1.149",3.1.-.-,4.2.1.17,3.1.2.4,3.1.2.4,3.1.2.4,3.1.2.4,3.1.2.4,3.1.2.4,"1.13.11.80,3.1.2.4",3.1.2.4,4.2.1.17,3.1.2.4,3.1.2.4
WP_054597488,-,-,-,1.3.8.1,1.3.8.1,1.3.8.-,1.3.8.13,1.3.99.-,1.3.8.1,1.3.8.1,1.3.99.-,1.3.99.-,1.3.99.-,"1.3.99.-,1.3.8.1",1.3.99.-,1.3.8.1,1.3.99.-,"1.3.8.1,1.3.99.-"
WP_054597490,-,-,1.3.8.1,1.3.8.1,"1.3.99.2,1.3.8.1",1.3.99.-,1.3.8.13,1.3.99.-,1.3.8.1,1.3.8.1,1.3.99.-,1.3.1.95,1.3.99.-,1.3.99.-,1.3.99.-,1.3.8.1,1.3.99.-,"1.3.8.1,1.3.99.-"
WP_054597491,-,2.3.1.9,2.3.1.9,2.3.1.9,"2.3.1.16,2.3.1.9",2.3.1.9,2.3.1.16,2.3.1.9,2.3.1.9,2.3.1.9,2.3.1.9,2.3.1.9,2.3.1.9,2.3.1.9,2.3.1.9,2.3.1.9,2.3.1.9,2.3.1.9
WP_054598124,-,-,-,3.5.1.94,3.5.1.94,3.5.1.-,6.3.4.2,3.5.1.94,3.5.1.94,3.5.1.94,3.5.1.94,3.5.1.94,4.1.3.27,"3.5.1.94,2.4.2.-",3.5.1.94,3.5.1.94,3.5.1.94,3.5.1.94
WP_060738105,-,-,-,4.1.2.42,4.1.2.42,4.-.-.-,5.1.1.1,-,4.3.1.27,"4.1.2.42,4.3.1.27",1.-.-.-,1.-.-.-,5.3.1.4,5.3.1.4,5.1.1.5,4.3.1.9,4.1.2.42,4.1.2.42
WP_060738180,-,-,-,3.2.2.8,"3.2.2.1,3.2.2.8",3.2.-.-,3.2.-.-,3.2.-.-,3.2.-.-,3.2.2.3,3.2.2.3,3.2.2.3,3.5.1.38,3.5.1.38,3.2.2.3,3.2.2.3,3.2.-.-,3.2.-.-
WP_060739768,-,2.6.1.19,2.6.1.19,2.6.1.19,"2.6.1.48,2.6.1.19",2.6.1.11,5.4.3.8,2.6.1.48,2.6.1.48,2.6.1.48,2.6.1.48,2.6.1.48,2.6.1.48,"2.6.1.48,2.6.1.22,2.6.1.19",2.6.1.48,2.6.1.39,2.6.1.48,2.6.1.48
WP_060739786,-,-,-,2.8.3.19,"2.8.3.22,2.8.3.19",2.-.-.-,1.2.1.8,2.8.3.13,2.8.3.19,2.8.3.13,2.-.-.-,"2.8.3.19,2.8.3.13",2.8.3.20,"2.8.3.20,2.8.3.16,2.8.3.19,2.8.3.13",2.8.3.19,2.8.3.13,"2.-.-.-,2.8.3.13",2.8.3.13
WP_025216023,-,-,6.3.1.2,6.3.1.11,6.3.1.11,6.3.1.-,6.3.1.2,6.3.1.11,6.3.1.11,6.3.1.11,6.3.1.11,6.3.1.11,"6.3.1.2,6.3.1.11","6.3.1.2,6.3.1.11",6.3.1.2,6.3.1.11,6.3.1.11,6.3.1.11
WP_060740154,-,-,-,3.5.1.94,3.5.1.94,5.-.-.-,6.3.4.2,3.5.1.94,3.5.1.94,3.5.1.94,3.5.1.94,3.5.1.94,3.5.1.94,3.5.1.94,3.5.1.94,3.5.1.94,3.5.1.94,3.5.1.94
WP_060740156,-,-,2.6.1.113,2.6.1.113,"2.6.1.18,2.6.1.113",2.6.1.-,5.4.3.8,2.6.1.113,2.6.1.113,2.6.1.113,2.6.1.113,2.6.1.113,"2.6.1.96,2.6.1.113","2.6.1.18,2.6.1.96,2.6.1.113",2.6.1.18,2.6.1.19,2.6.1.113,2.6.1.113
WP_060740275,-,-,-,1.1.1.108,1.1.1.108,3.1.-.-,3.1.2.28,-,3.1.2.28,3.1.2.28,3.1.2.-,3.1.2.-,3.6.1.59,3.6.1.59,3.1.2.28,1.1.1.108,3.1.2.28,3.1.2.28
WP_060740332,-,-,-,1.3.8.1,1.3.8.1,1.3.8.-,1.3.8.13,1.3.8.-,1.3.8.8,1.3.8.8,1.3.8.1,1.3.8.1,1.3.8.10,1.3.8.10,1.3.8.1,1.3.8.7,"1.3.8.1,1.3.8.-","1.3.8.1,1.3.8.-"
WP_060740336,-,-,-,1.3.8.1,1.3.8.1,1.3.99.-,1.3.8.13,1.3.8.-,1.3.8.9,1.3.8.-,1.3.8.1,1.3.8.1,1.3.8.10,1.3.8.10,1.3.8.-,1.3.8.7,"1.3.8.1,1.3.8.-","1.3.8.1,1.3.8.-"
WP_060740343,-,-,-,3.5.1.100,3.5.1.100,3.5.1.-,3.5.1.4,3.5.-.-,3.5.1.100,3.5.1.100,3.5.-.-,3.5.-.-,3.5.-.-,3.5.-.-,3.5.-.-,3.5.1.30,3.5.-.-,3.5.-.-
WP_060740344,-,-,-,1.13.12.3,1.13.12.3,1.13.-.-,1.1.5.4,1.13.12.3,1.4.3.2,1.13.12.9,1.13.12.3,1.13.12.3,1.4.5.-,1.4.5.-,1.13.12.3,1.13.12.2,1.13.12.3,1.13.12.3
WP_060741122,-,-,-,3.5.1.41,3.5.1.41,3.5.-.-,3.5.1.-,3.5.1.41,3.5.1.41,3.5.1.41,3.5.1.41,3.5.1.41,3.5.1.41,3.5.1.41,3.5.1.41,3.5.2.5,3.5.1.41,3.5.1.41
WP_060741243,-,-,-,3.1.1.17,"3.1.1.99,3.1.1.15",3.1.1.-,3.1.1.31,3.1.1.99,"3.1.1.99,3.1.1.15",3.1.1.99,3.1.1.17,"3.1.1.15,3.1.1.17",3.1.1.99,"3.1.1.99,4.2.2.6",3.1.1.15,3.1.1.15,3.1.1.99,3.1.1.99
WP_060741989,-,-,4.2.1.9,4.2.1.9,4.2.1.25,4.2.1.9,4.2.1.9,4.2.1.-,4.2.1.162,4.2.1.162,4.2.1.-,4.2.1.-,4.2.1.9,4.2.1.9,4.2.1.-,4.2.1.25,4.2.1.9,4.2.1.9
WP_060741991,-,-,-,2.4.99.17,2.4.99.17,3.-.-.-,5.4.4.2,-,4.2.1.141,4.2.1.141,1.-.-.-,1.-.-.-,1.6.5.8,1.6.5.8,7.2.1.2,4.2.1.43,1.-.-.-,2.4.99.17
WP_063321224,-,-,1.3.8.1,1.3.8.1,"1.3.8.6,1.3.99.2,1.3.8.1",1.3.99.-,1.3.8.13,1.3.99.-,1.3.8.1,1.3.8.1,1.3.99.-,1.3.1.95,1.3.99.-,1.3.99.-,1.3.99.-,1.3.8.1,1.3.99.-,"1.3.8.1,1.3.99.-"
WP_063321988,-,-,-,4.1.2.42,4.1.2.42,4.-.-.-,5.1.1.1,-,4.3.1.27,"4.1.2.42,4.3.1.27",1.-.-.-,1.-.-.-,5.3.1.4,5.3.1.4,5.1.1.5,4.3.1.9,4.1.2.42,4.1.2.42
WP_063322430,-,-,-,2.6.1.57,2.6.1.57,2.6.1.1,2.6.1.1,2.6.1.57,"2.6.1.57,2.6.1.107",2.6.1.57,2.6.1.57,2.6.1.57,2.6.1.1,"2.6.1.3,2.6.1.1,2.6.1.57",2.6.1.57,2.6.1.57,2.6.1.57,2.6.1.57
WP_014340747,-,-,-,6.3.1.11,6.3.1.11,6.3.1.-,6.3.1.2,6.3.1.11,6.3.1.11,6.3.1.11,6.3.1.2,6.3.1.11,"6.3.1.2,6.3.1.11","6.3.1.2,6.3.1.11",6.3.1.2,6.3.1.11,6.3.1.11,6.3.1.11
WP_086936699,-,-,-,3.5.1.94,"6.3.4.2,3.5.1.94",5.-.-.-,6.3.4.2,3.5.1.94,3.5.1.94,3.5.1.94,3.5.1.94,3.5.1.94,3.5.1.94,3.5.1.94,6.3.4.2,3.5.1.94,3.5.1.94,3.5.1.94
WP_063323898,-,-,2.6.1.113,2.6.1.113,"2.6.1.18,2.6.1.113",2.6.1.-,5.4.3.8,2.6.1.113,2.6.1.113,2.6.1.113,2.6.1.113,2.6.1.113,"2.6.1.96,2.6.1.113","2.6.1.18,2.6.1.96,2.6.1.113",2.6.1.18,2.6.1.19,2.6.1.113,2.6.1.113
WP_063324030,-,-,-,1.1.1.108,1.1.1.108,3.1.-.-,3.1.2.28,-,3.1.2.28,3.1.2.28,3.1.2.-,3.1.2.-,3.6.1.59,3.6.1.59,3.1.2.28,1.1.1.108,3.1.2.28,3.1.2.28
WP_063324031,-,1.1.1.108,1.1.1.108,1.1.1.108,1.1.1.108,1.1.1.-,1.1.1.86,1.1.1.108,1.1.1.108,1.1.1.108,1.1.1.108,1.1.1.108,1.1.1.108,1.1.1.108,1.1.1.108,1.1.1.108,1.1.1.108,1.1.1.108
WP_063324926,-,-,-,1.1.1.47,1.1.1.47,1.1.1.-,1.-.-.-,1.-.-.-,"1.1.1.163,1.1.1.311,1.1.1.119,1.1.1.256","1.1.1.119,1.1.1.163,1.1.1.391",1.-.-.-,1.-.-.-,1.1.1.391,"1.2.1.62,1.1.1.311,1.1.1.391",1.-.-.-,1.1.1.48,1.-.-.-,1.-.-.-
WP_063320756,-,-,-,2.4.99.17,2.4.99.17,5.-.-.-,4.2.1.80,-,4.2.1.141,4.2.1.141,1.-.-.-,1.-.-.-,1.6.5.8,1.6.5.8,3.5.2.9,4.2.1.43,2.4.99.17,4.2.1.141
WP_003280093,-,2.8.3.5,2.8.3.5,2.8.3.6,"2.8.3.5,2.8.3.6",2.8.3.-,5.3.1.6,2.8.3.5,2.8.3.5,2.8.3.5,2.8.3.5,2.8.3.5,2.8.3.5,2.8.3.5,2.8.3.5,2.8.3.8,2.8.3.5,2.8.3.5
WP_003294550,-,2.8.3.5,2.8.3.5,2.8.3.6,"2.8.3.5,2.8.3.6",2.8.3.-,5.3.1.6,2.8.3.5,"2.8.3.5,2.8.3.6",2.8.3.5,2.8.3.5,2.8.3.5,2.8.3.5,2.8.3.5,2.8.3.5,2.8.3.8,2.8.3.5,2.8.3.5
WP_015277224,-,-,-,1.3.8.1,1.3.8.1,1.3.8.-,1.3.8.13,1.3.99.-,1.3.8.10,1.3.8.1,1.3.99.-,1.3.99.-,1.3.99.-,"1.3.99.-,1.3.8.1",1.3.99.-,1.3.8.1,1.3.99.-,"1.3.8.1,1.3.99.-"
WP_015277229,-,-,-,1.3.8.1,1.3.8.1,1.3.99.-,1.3.8.13,1.3.99.-,1.3.8.1,1.3.8.1,1.3.99.-,1.3.1.95,1.3.99.-,1.3.99.-,1.3.99.-,1.3.8.1,1.3.99.-,1.3.99.-
WP_015278222,-,-,-,4.3.2.3,4.3.2.3,3.5.-.-,4.2.1.80,-,4.2.1.141,4.2.1.141,3.1.-.-,3.1.-.-,3.7.1.2,3.7.1.2,3.1.21.2,3.7.1.2,3.1.-.-,4.2.1.141
WP_015278495,-,-,-,1.1.99.14,1.1.99.14,1.2.-.-,1.8.98.1,-,1.3.99.31,1.3.5.-,2.3.1.-,2.3.1.-,1.8.98.1,1.3.4.1,2.3.1.-,1.1.3.15,1.8.98.1,2.3.1.-
WP_015278496,-,-,-,1.1.99.14,1.1.99.14,1.1.-.-,1.3.1.98,1.1.2.4,"1.1.2.-,1.1.99.6",1.1.99.6,1.-.-.-,1.-.-.-,1.1.2.4,1.1.2.4,1.1.99.39,1.1.3.15,1.1.2.4,1.1.2.4
WP_015278497,-,-,-,1.1.99.14,1.1.99.14,1.-.-.-,1.3.1.98,1.1.99.6,1.1.2.4,1.1.2.4,1.-.-.-,1.-.-.-,1.1.99.6,1.1.99.6,1.1.99.39,1.1.3.15,"1.-.-.-,1.1.99.6","1.-.-.-,1.1.99.6"
WP_015275423,-,-,-,1.3.8.1,1.3.8.7,1.3.99.-,1.3.99.-,1.3.8.-,1.3.8.9,1.3.8.-,1.3.99.-,1.3.99.-,1.3.8.10,1.3.8.10,1.3.99.41,1.3.8.7,1.3.99.-,1.3.99.-
WP_015275719,-,2.6.1.57,-,2.6.1.1,2.6.1.57,2.6.1.1,2.6.1.1,2.6.1.57,2.6.1.107,2.6.1.57,2.6.1.57,2.6.1.57,2.6.1.57,2.6.1.57,2.6.1.57,2.6.1.57,2.6.1.57,2.6.1.57
WP_011864920,-,-,-,2.7.1.8,2.7.1.8,2.7.1.-,2.7.1.2,2.7.1.8,2.7.1.8,2.7.1.8,2.7.1.59,2.7.1.59,2.7.1.59,"2.7.1.59,2.7.1.8",2.7.1.8,2.7.1.59,2.7.1.8,2.7.1.8
WP_011758678,-,-,-,5.1.3.11,5.1.3.11,5.-.-.-,3.2.1.4,-,5.1.3.11,5.1.3.11,1.-.-.-,5.1.3.11,5.1.3.11,"5.3.1.31,5.1.3.11,3.2.1.156",5.1.3.11,5.3.1.7,5.1.3.11,5.1.3.11
WP_011759060,-,-,-,2.7.1.8,2.7.1.8,2.7.1.-,2.7.1.2,2.7.1.8,2.7.1.8,2.7.1.8,2.7.1.59,2.7.1.59,2.7.1.59,"2.7.1.59,2.7.1.8",2.7.1.8,2.7.1.59,2.7.1.8,2.7.1.8
WP_011759520,-,-,-,2.7.1.4,2.7.1.4,2.-.-.-,2.7.1.59,2.7.1.4,2.7.1.59,2.7.1.59,2.7.1.4,2.7.1.4,2.7.1.59,2.7.1.59,2.7.1.4,2.7.1.2,"2.7.1.4,2.7.1.59","2.7.1.4,2.7.1.59"
WP_011760212,-,-,3.1.3.5,3.1.3.5,3.1.3.5,3.1.3.5,3.1.3.-,3.1.3.5,3.1.3.18,3.1.3.74,3.1.3.5,3.1.3.5,"3.1.3.-,3.1.3.5",3.1.3.5,3.1.3.5,3.1.3.5,3.1.3.5,3.1.3.5
WP_011760344,-,-,-,2.7.1.4,"2.7.1.59,2.7.1.4",2.7.1.59,2.7.1.59,2.7.1.4,2.7.1.59,"2.7.1.59,2.7.1.4",2.7.1.4,2.7.1.4,2.7.1.59,2.7.1.59,2.7.1.4,2.7.1.2,"2.7.1.4,2.7.1.59",2.7.1.59
WP_011760751,-,-,2.6.1.62,2.6.1.18,"2.6.1.18,2.6.1.113",2.6.1.-,5.4.3.8,2.6.1.113,2.6.1.113,2.6.1.113,2.6.1.113,2.6.1.113,2.6.1.96,"2.6.1.96,2.6.1.113",2.6.1.96,2.6.1.19,2.6.1.113,2.6.1.113
WP_011760753,-,-,-,3.5.1.94,3.5.1.94,6.3.5.-,6.3.4.2,2.4.2.-,3.5.1.94,3.5.1.94,3.5.1.94,3.5.1.94,3.5.1.94,3.5.1.94,2.4.2.-,3.5.1.94,3.5.1.94,3.5.1.94
NP_436855,-,-,-,2.3.1.189,2.3.1.189,1.-.-.-,3.4.13.21,-,4.-.-.-,3.5.1.56,1.-.-.-,1.-.-.-,3.5.1.96,3.5.1.96,1.16.99.1,1.1.99.13,1.-.-.-,1.-.-.-
NP_436856,-,-,-,1.1.99.28,1.1.1.312,1.1.1.-,1.1.1.18,1.1.1.292,"1.1.1.361,1.1.1.179",1.1.1.361,1.-.-.-,1.-.-.-,1.1.1.18,1.1.1.18,1.1.1.420,1.1.99.13,1.1.1.18,1.1.1.18
NP_437724,-,-,4.2.1.9,4.2.1.9,4.2.1.9,4.2.1.9,4.2.1.9,4.2.1.-,"4.2.1.9,4.2.1.162","4.2.1.9,4.2.1.162",4.2.1.-,4.2.1.-,4.2.1.9,4.2.1.9,4.2.1.-,4.2.1.25,4.2.1.9,4.2.1.9
NP_437725,-,-,1.2.1.3,1.2.1.26,"1.2.1.26,1.2.1.5",1.2.1.3,1.2.1.8,1.2.1.3,"1.2.1.79,1.2.1.16,1.2.1.26",1.2.1.26,1.2.1.3,"1.2.1.16,1.2.1.26",1.2.1.39,1.2.1.96,1.2.1.3,1.2.1.26,1.2.1.3,"1.2.1.3,1.2.1.26"
NP_437726,-,-,-,1.13.11.24,1.13.11.24,6.-.-.-,2.3.1.117,-,4.2.1.141,4.2.1.141,3.1.1.-,3.1.1.-,3.4.-.-,3.4.-.-,3.1.1.-,4.2.1.43,4.2.1.141,3.1.1.-
NP_437227,-,-,-,5.1.3.32,5.1.3.32,5.1.3.-,5.1.3.32,5.1.3.32,5.1.3.32,5.1.3.32,5.1.3.32,5.1.3.32,5.1.3.32,5.1.3.32,5.1.3.32,5.1.3.29,5.1.3.32,5.1.3.32
NP_437228,-,-,-,1.1.99.28,"1.1.1.179,1.1.1.46",1.1.1.-,1.1.1.18,-,1.1.1.368,2.1.1.209,1.-.-.-,1.-.-.-,5.3.1.4,5.3.1.4,1.1.1.420,1.1.1.122,1.-.-.-,1.1.1.179
NP_437492,-,-,-,2.7.1.45,2.7.1.45,2.-.-.-,2.7.1.167,2.7.1.4,2.7.1.4,2.7.1.45,2.7.1.4,"2.7.1.-,2.7.1.4",2.7.1.4,2.7.1.4,2.7.1.4,2.7.1.101,2.7.1.4,2.7.1.4
NP_385263,-,-,1.1.1.376,1.1.1.48,"1.1.1.46,1.1.1.48",1.1.1.-,1.1.1.18,"1.1.1.120,1.1.1.376,1.1.1.48","1.1.1.48,1.1.1.376,1.1.1.120","1.1.1.48,1.1.1.376,1.1.1.120",1.1.1.48,1.1.1.48,1.1.1.376,"1.1.1.376,1.1.1.48","1.1.1.376,1.1.1.48",1.1.1.48,"1.1.1.376,1.1.1.48",1.1.1.48
NP_384883,-,-,-,1.1.3.15,1.1.99.14,1.1.-.-,1.3.1.98,1.1.2.4,"1.1.2.4,1.1.99.6",1.1.2.4,1.-.-.-,1.-.-.-,1.1.99.6,1.1.99.6,1.1.99.39,1.1.3.15,1.1.2.4,1.1.2.4
NP_384884,-,-,-,1.1.99.14,1.1.99.14,1.1.-.-,1.3.1.98,2.5.1.26,"6.3.2.-,1.1.2.-,2.7.1.36,1.1.99.6,1.1.2.4",1.1.99.6,1.-.-.-,2.4.2.8,1.-.-.-,1.-.-.-,1.1.98.3,1.1.3.15,1.-.-.-,2.4.2.8
NP_384885,-,-,-,1.1.99.14,1.1.99.14,1.-.-.-,1.8.98.1,-,2.3.2.5,1.3.5.-,1.-.-.-,1.-.-.-,1.3.4.1,1.3.4.1,1.16.99.1,1.1.3.15,1.-.-.-,1.-.-.-
NP_384521,-,-,-,3.2.2.1,"3.2.2.1,3.2.2.3,3.2.2.8",3.2.2.-,3.2.-.-,3.2.-.-,"3.2.-.-,3.2.2.3","3.2.2.8,3.2.-.-,3.2.2.3",3.2.2.3,3.2.2.3,3.2.-.-,"3.2.-.-,3.2.2.8",3.2.-.-,3.2.2.3,3.2.-.-,3.2.-.-
NP_384733,-,-,5.3.1.14,5.3.1.14,5.3.1.14,5.3.1.-,5.3.1.5,5.3.1.-,5.3.1.5,"5.3.1.14,5.3.1.5",5.3.1.-,5.3.1.-,5.3.1.-,5.3.1.-,5.3.1.-,5.3.1.14,5.3.1.-,5.3.1.-
NP_384734,-,-,-,4.1.2.19,"4.1.2.19,1.2.3.3,1.3.7.15",1.-.-.-,4.2.1.109,1.-.-.-,"1.1.1.116,1.1.1.304","5.1.3.4,4.2.1.109",1.-.-.-,1.-.-.-,1.3.1.34,1.3.1.34,1.-.-.-,4.1.2.19,1.-.-.-,1.-.-.-
NP_384124,-,-,-,"4.2.1.42,4.2.1.7","4.2.1.42,4.2.1.7",4.2.1.-,4.2.1.9,4.2.1.42,"4.2.1.42,4.2.1.7",4.2.1.42,4.2.1.-,"4.2.1.42,4.2.1.-",4.2.1.7,"4.2.1.42,4.2.1.7",4.2.1.42,4.2.1.5,4.2.1.42,4.2.1.42
NP_384306,-,-,-,2.7.1.8,2.7.1.8,2.7.1.-,2.7.1.2,2.7.1.8,"2.7.1.59,2.7.1.8",2.7.1.8,2.7.1.59,2.7.1.59,2.7.1.2,"2.7.1.2,2.7.1.8",2.7.1.8,2.7.1.59,2.7.1.8,2.7.1.8
NP_384741,-,-,-,2.7.1.51,2.7.1.51,2.-.-.-,2.7.1.16,-,2.7.1.47,2.7.1.47,2.7.1.-,"2.7.1.17,2.7.1.-",2.7.1.47,2.7.1.47,2.7.1.47,2.7.1.5,2.7.1.47,2.7.1.47
NP_387397,-,2.6.1.1,2.6.1.1,2.6.1.1,2.6.1.1,2.6.1.1,2.6.1.1,2.6.1.1,2.6.1.1,2.6.1.1,2.6.1.1,2.6.1.1,2.6.1.1,"2.6.1.79,2.6.1.1,2.6.1.78",2.6.1.1,2.6.1.39,2.6.1.1,2.6.1.1
WP_010211220,-,-,4.2.1.9,4.2.1.9,4.2.1.25,4.2.1.9,4.2.1.9,4.2.1.-,4.2.1.162,4.2.1.162,4.2.1.-,4.2.1.-,4.2.1.9,4.2.1.9,4.2.1.-,4.2.1.25,4.2.1.9,4.2.1.9
WP_010211217,-,-,-,1.2.1.26,1.2.1.26,1.2.1.-,1.2.1.71,1.2.1.26,1.2.1.26,1.2.1.26,1.2.1.26,1.2.1.26,1.2.1.71,1.2.1.71,1.2.1.26,1.2.1.26,1.2.1.26,1.2.1.26
WP_010211216,-,-,-,3.1.1.99,"3.1.1.99,3.1.1.15",3.1.1.-,3.1.1.31,-,"3.1.1.99,3.1.1.15",3.1.1.99,3.1.1.17,"3.1.1.15,3.1.1.17",3.1.1.99,"3.1.1.99,4.2.2.6,3.1.1.15",3.1.1.15,3.1.1.15,3.1.1.99,"3.1.1.99,3.1.1.15"
WP_010210955,-,-,-,4.1.2.42,"4.1.3.41,4.1.2.42,4.3.1.18,3.2.2.9",4.-.-.-,5.1.1.1,-,4.3.1.27,"4.3.1.27,4.1.2.42,4.1.1.96",1.-.-.-,1.-.-.-,3.2.1.22,3.2.1.22,3.1.1.-,4.3.1.9,4.1.2.42,4.1.2.42
WP_010210414,-,-,-,3.1.2.4,"4.2.1.150,4.2.1.149,3.1.2.4",3.1.-.-,4.2.1.17,3.1.2.4,3.1.2.4,3.1.2.4,3.1.2.4,3.1.2.4,3.1.2.4,"1.13.11.80,3.1.2.4",3.1.2.4,3.1.2.4,3.1.2.4,3.1.2.4
WP_010210413,-,-,1.3.8.1,1.3.8.1,1.3.8.1,1.3.8.-,1.3.8.13,1.3.99.-,1.3.8.1,1.3.8.1,1.3.99.-,1.3.99.-,1.3.99.-,"1.3.99.-,1.3.8.1",1.3.99.-,1.3.8.1,"1.3.8.1,1.3.99.-",1.3.8.1
WP_010210411,-,-,-,1.3.8.1,"1.3.1.108,1.3.99.2,1.3.8.1",1.3.99.-,1.3.8.13,1.3.99.-,1.3.8.1,1.3.8.1,1.3.99.-,1.3.1.95,1.3.99.-,1.3.99.-,1.3.99.-,1.3.8.1,1.3.99.-,1.3.99.-
WP_010209382,-,-,1.1.1.203,1.1.1.203,1.1.1.203,1.1.-.-,5.1.3.20,1.1.1.203,1.1.1.203,1.1.1.203,1.1.1.203,1.1.1.203,1.1.1.203,"1.1.1.203,5.1.3.20",1.1.1.203,1.1.1.203,1.1.1.203,1.1.1.203
WP_010209327,-,-,-,2.4.2.4,2.4.2.4,2.-.-.-,3.5.3.6,-,3.5.3.18,3.5.3.-,1.-.-.-,1.-.-.-,2.4.1.15,2.4.1.15,1.16.99.1,3.5.3.6,2.4.1.15,2.4.1.15
WP_010209291,-,-,-,1.1.1.14,"1.1.1.368,1.1.1.9,1.1.1.301,1.1.1.4,1.1.1.264,1.1.1.251",1.1.1.103,1.1.1.103,1.1.1.-,"1.1.1.301,1.1.1.103",1.1.1.103,1.1.1.-,1.1.1.-,1.12.1.3,1.12.1.3,1.1.1.-,1.1.1.9,1.1.1.103,1.1.1.103
WP_010208316,-,"2.6.1.11,2.6.1.81",2.6.1.11,2.6.1.11,2.6.1.11,2.6.1.11,2.6.1.11,2.6.1.11,"2.6.1.17,2.6.1.11","2.6.1.11,2.6.1.17",2.6.1.11,2.6.1.11,"2.6.1.81,2.6.1.11","2.6.1.81,2.6.1.17,2.6.1.11",2.6.1.11,2.6.1.81,2.6.1.11,2.6.1.11
WP_038453710,-,-,-,5.3.1.31,5.3.1.31,5.3.-.-,3.2.1.4,5.3.1.31,5.3.1.31,5.3.1.31,5.3.1.31,5.3.1.31,5.3.1.31,5.3.1.31,5.3.1.31,5.3.1.7,5.3.1.31,5.3.1.31
WP_010207013,-,-,-,1.3.8.7,"1.3.1.95,1.3.8.7",1.-.-.-,1.3.8.13,1.3.8.-,1.3.8.9,1.3.8.-,1.3.8.1,1.3.8.1,1.3.8.10,1.3.99.12,1.3.8.-,1.3.8.7,1.3.8.-,1.3.8.-
WP_010207016,-,-,-,1.3.8.1,1.3.8.8,1.3.8.-,1.3.8.13,1.3.8.-,1.3.8.8,"1.3.8.8,1.3.8.7,1.3.8.-,1.3.8.1",1.3.8.1,1.3.8.1,1.3.8.10,1.3.8.10,1.3.8.8,1.3.8.7,"1.3.8.1,1.3.8.-",1.3.8.-
WP_010207340,-,-,"2.6.1.62,2.6.1.18",2.6.1.113,"2.6.1.18,2.6.1.113",2.6.1.-,5.4.3.8,2.6.1.113,2.6.1.113,2.6.1.113,2.6.1.113,2.6.1.113,"2.6.1.96,2.6.1.113","2.6.1.18,2.6.1.96,2.6.1.113",2.6.1.18,2.6.1.19,2.6.1.113,2.6.1.113
WP_010207341,-,-,-,6.3.1.11,6.3.1.11,6.3.1.-,6.3.1.2,6.3.1.11,6.3.1.11,6.3.1.11,6.3.1.11,6.3.1.11,"6.3.1.2,6.3.1.11","6.3.1.2,6.3.1.11",6.3.1.2,6.3.1.11,6.3.1.11,6.3.1.11
WP_010213153,-,-,-,1.2.1.5,"1.2.1.26,1.2.1.5",1.2.1.-,1.2.1.8,1.2.1.5,1.2.1.16,1.2.1.4,1.2.1.3,"1.2.1.16,1.2.1.26",1.2.1.39,"1.2.1.5,1.2.1.86,1.2.1.85,1.2.1.96",1.2.1.26,1.2.1.26,1.2.1.5,1.2.1.5